Specialty,n_docs,avg_years_practice,median_years_practice,pct_prefer_brand,avg_criteria_score,pct_high_freq
Cardio,197,10.309644670050762,10.0,27.4,0.4916751269035533,0.0
Endocrino,158,9.49367088607595,9.0,23.4,0.5024050632911392,0.0
GP,405,9.9679012345679,10.0,24.4,0.505432098765432,0.0
Onco,102,10.156862745098039,10.0,28.4,0.4964705882352941,0.0
Pulmono,138,10.58695652173913,10.0,34.8,0.49623188405797103,0.0
